{
  "f0": 2.29890523,
  "f1": 2.15995601,
  "f2": 0.405890479,
  "f3": -1.47050159,
  "f4": 2.75396431,
  "f5": 3.01893595,
  "f6": -0.695553212,
  "f7": -1.33579352,
  "f8": -0.00299106428,
  "f9": 2.15843694
}
